guest_id,full_name,phone,photo_url
EVT001,,,
EVT002,,,
EVT003,,,
EVT004,,,
EVT005,,,
EVT006,,,
EVT007,,,
EVT008,,,
EVT009,,,
EVT010,,,
EVT011,,,
EVT012,,,
EVT013,,,
EVT014,,,
EVT015,,,
EVT016,,,
EVT017,,,
EVT018,,,
EVT019,,,
EVT020,,,
EVT021,,,
EVT022,,,
EVT023,,,
EVT024,,,
EVT025,,,
EVT026,,,
EVT027,,,
EVT028,,,
EVT029,,,
EVT030,,,
EVT031,,,
EVT032,,,
EVT033,,,
EVT034,,,
EVT035,,,
EVT036,,,
EVT037,,,
EVT038,,,
EVT039,,,
EVT040,,,
EVT041,,,
EVT042,,,
EVT043,,,
EVT044,,,
EVT045,,,
EVT046,,,
EVT047,,,
EVT048,,,
EVT049,,,
EVT050,,,
EVT051,,,
EVT052,,,
EVT053,,,
EVT054,,,
EVT055,,,
EVT056,,,
EVT057,,,
EVT058,,,
EVT059,,,
EVT060,,,
EVT061,,,
EVT062,,,
EVT063,,,
EVT064,,,
EVT065,,,
EVT066,,,
EVT067,,,
EVT068,,,
EVT069,,,
EVT070,,,
EVT071,,,
EVT072,,,
EVT073,,,
EVT074,,,
EVT075,,,
EVT076,,,
EVT077,,,
EVT078,,,
EVT079,,,
EVT080,,,
EVT081,,,
EVT082,,,
EVT083,,,
EVT084,,,
EVT085,,,
EVT086,,,
EVT087,,,
EVT088,,,
EVT089,,,
EVT090,,,
EVT091,,,
EVT092,,,
EVT093,,,
EVT094,,,
EVT095,,,
EVT096,,,
EVT097,,,
EVT098,,,
EVT099,,,
EVT100,,,
